{"player_position":[0.0,0.0],"objects":[{"object":{"Block":{"fixed":true}},"position":[462.95798,-55.017082,1.0],"scale":[999.04236,50.0],"rotation":-0.0},{"object":"Goal","position":[912.9819,19.755527,2.0],"scale":[100.0,100.0],"rotation":-0.0}]}